dataSet,instructionCount,ilp32,ilp256,ilp2048,ilp65536,memops,ctrlops,intops,flops,coldref,reuseDist2,sfp,dfp,noconflict,broadCast,coalesced,shMemBw,gMemBw,blocks,pages,lipRate,mulf,divf,specialFn,lbdiv16,lbdiv32,lbdiv64,lbdiv128,lbdiv256,lbdiv512,lbdiv1024
1. testName: 58-71,141452,6.378895152198422,22.122614951517047,100.32056737588653,1571.6888888888889,0.5357011565760823,0.00928937024573707,0.8857280208127138,0.16288210841840342,34,52074,0.6444444444444445,0.0,0.0,0.891800507185,0.891800507185,0.0,0.945900253593,1243.4,18651.0,71.53225806451613,0.3333333333333333,0.0,0.0,0.0,0.0,0.0,0.0,0.0,0.0,0.0
