{"otb": {"CPU Optimizations": 95.98934033974912, "Vector Optimizations": 0.0, "GPU Optimizations": 4.01065966025088}, "set": {"optimized": [0.066857, 4.196599], "nonOptimized": [0.000743, 5.22911625], "loopSections": ["57:68", "147:209"]}, "lsb": {"Not Parallelable": -14.65624859277346, "GPU Optimizable": 0.01628907942492538, "Vector Optimizable": 0.0, "Not Optimizable": 0.0, "CPU Optimizable": 114.63995951334853}, "oet": {"optimized": 3.594934936264038, "nonOptimized": 4.561338186264038}}